test,num voxels,num voxels,num voxels,num voxels,num voxels,num voxels
tumor subregion,TC,TC,WT,WT,ET,ET
source,transformed,raw,transformed,raw,transformed,raw
0,0.0,0.0,3680.0,36940.0,0.0,2517.0
1,22.0,32310.0,1981.0,84019.0,22.0,31532.0
2,61811.0,16183.0,137740.0,85279.0,45628.0,45628.0
3,0.0,660.0,0.0,9138.0,0.0,12096.0
4,47878.0,24187.0,123781.0,76742.0,23691.0,23854.0
5,2119.0,2331.0,46913.0,136876.0,2102.0,8408.0
6,1544.0,14269.0,1644.0,16385.0,891.0,16849.0
7,0.0,39.0,946.0,91877.0,0.0,5789.0
8,33668.0,22750.0,72840.0,39176.0,10918.0,10918.0
9,0.0,750.0,225.0,75535.0,0.0,1128.0
10,2967.0,11578.0,71047.0,112197.0,1693.0,10233.0
11,6361.0,2391.0,69555.0,113263.0,6325.0,27668.0
12,0.0,772.0,220.0,26179.0,0.0,6841.0
13,26325.0,4816.0,52026.0,56136.0,22192.0,29507.0
14,74640.0,32623.0,142829.0,81808.0,44243.0,53651.0
15,65120.0,9336.0,129616.0,84944.0,57100.0,63130.0
16,17452.0,7686.0,62103.0,67609.0,10605.0,13021.0
17,16225.0,3759.0,24279.0,8054.0,12466.0,12466.0
18,0.0,71.0,0.0,10181.0,0.0,699.0
19,9880.0,3214.0,111939.0,118514.0,8388.0,19071.0
20,48390.0,7774.0,69477.0,21238.0,40616.0,40616.0
21,31899.0,3614.0,41606.0,44701.0,28608.0,33532.0
22,52231.0,24770.0,69319.0,17568.0,29817.0,37193.0
23,3461.0,3086.0,4614.0,5063.0,3301.0,23080.0
24,32.0,2881.0,10238.0,65434.0,32.0,9819.0
25,9241.0,4544.0,40710.0,46142.0,8258.0,22713.0
26,0.0,6353.0,0.0,89661.0,0.0,21117.0
27,1282.0,0.0,38722.0,50503.0,1282.0,1284.0
28,0.0,60562.0,0.0,67531.0,0.0,34307.0
29,2904.0,1441.0,29631.0,27169.0,1463.0,1463.0
30,2120.0,15896.0,22559.0,67166.0,1319.0,13419.0
31,4549.0,6056.0,55347.0,149299.0,3212.0,10326.0
32,116.0,1719.0,20825.0,59056.0,116.0,6929.0
33,22309.0,9487.0,120966.0,135912.0,13518.0,16998.0
34,8903.0,15801.0,19279.0,42511.0,5664.0,15491.0
35,0.0,8548.0,4879.0,29213.0,0.0,14539.0
36,42898.0,10225.0,58457.0,15560.0,32673.0,32673.0
37,0.0,217.0,7.0,47135.0,0.0,7801.0
38,70046.0,23887.0,106383.0,49966.0,46159.0,46521.0
39,0.0,4667.0,272.0,63530.0,0.0,35801.0
40,2532.0,309.0,26433.0,37055.0,2223.0,2246.0
41,3.0,11248.0,8649.0,155695.0,3.0,23651.0
42,81.0,4375.0,1384.0,81792.0,81.0,7884.0
43,18158.0,2047.0,78533.0,138845.0,16700.0,23920.0
44,67178.0,36063.0,80823.0,40095.0,43063.0,70189.0
45,0.0,953.0,571.0,20779.0,0.0,4845.0
46,0.0,6344.0,4832.0,167472.0,0.0,16834.0
47,31041.0,18043.0,44627.0,13945.0,12998.0,12998.0
48,22437.0,14070.0,56380.0,71698.0,14269.0,33785.0
49,8652.0,147.0,62146.0,53494.0,8505.0,8505.0
50,1173.0,1972.0,6734.0,27136.0,1114.0,8358.0
51,8620.0,3853.0,10479.0,1859.0,4767.0,4767.0
52,18217.0,7797.0,176091.0,193226.0,10420.0,10542.0
53,0.0,0.0,961.0,29934.0,0.0,1608.0
54,13434.0,8675.0,78513.0,107610.0,7557.0,9002.0
55,5244.0,1603.0,31965.0,86231.0,4617.0,16884.0
56,39308.0,4028.0,62777.0,26597.0,35280.0,35834.0
57,5672.0,2630.0,38489.0,33339.0,3042.0,3042.0
58,0.0,0.0,2405.0,7089.0,0.0,0.0
59,7804.0,4340.0,13279.0,15664.0,6730.0,26619.0
60,0.0,5200.0,47.0,67155.0,0.0,23272.0
61,0.0,856.0,36721.0,173008.0,0.0,2252.0
62,1720.0,3659.0,2424.0,22353.0,1493.0,16177.0
63,14756.0,3176.0,95506.0,88282.0,11873.0,12423.0
64,1077.0,4895.0,1648.0,19634.0,868.0,14142.0
65,0.0,3357.0,1287.0,31394.0,0.0,6279.0
66,1389.0,72.0,52569.0,54419.0,1317.0,1317.0
67,0.0,2307.0,0.0,23771.0,0.0,5973.0
68,10394.0,17012.0,18065.0,75005.0,5516.0,22039.0
69,18354.0,109.0,65804.0,111650.0,18245.0,18581.0
70,0.0,7953.0,0.0,65764.0,0.0,15618.0
71,61592.0,100261.0,69967.0,13194.0,2015.0,2162.0
72,0.0,23874.0,0.0,10653.0,0.0,1324.0
73,1532.0,1857.0,9099.0,52314.0,1228.0,3810.0
74,30658.0,22713.0,47434.0,38552.0,12446.0,15801.0
75,18024.0,10057.0,40377.0,34600.0,8221.0,14685.0
76,0.0,4729.0,0.0,26686.0,0.0,12755.0
77,0.0,8072.0,71.0,40462.0,0.0,12439.0
78,568.0,0.0,38395.0,59324.0,568.0,600.0
79,1301.0,600.0,33467.0,72204.0,754.0,1219.0
80,36684.0,1665.0,66802.0,30118.0,35019.0,35019.0
81,0.0,1847.0,0.0,21555.0,0.0,12320.0
82,13864.0,888.0,30959.0,53993.0,12976.0,14725.0
83,23251.0,22954.0,62360.0,62962.0,7107.0,11329.0
84,7576.0,4745.0,46520.0,55855.0,6304.0,17569.0
85,5161.0,3707.0,7412.0,7802.0,4065.0,10603.0
86,0.0,1427.0,0.0,61463.0,0.0,7356.0
87,5125.0,156.0,30738.0,37208.0,5024.0,6204.0
88,52877.0,29544.0,74081.0,28566.0,23333.0,23642.0
89,7497.0,12971.0,9508.0,52785.0,5801.0,23747.0
90,0.0,2090.0,0.0,1224.0,0.0,3350.0
91,246.0,24382.0,26160.0,167382.0,246.0,33064.0
92,14614.0,7491.0,80956.0,86045.0,7222.0,7222.0
93,0.0,1266.0,0.0,12742.0,0.0,5530.0
94,10223.0,574.0,73243.0,75076.0,9835.0,15090.0
95,95972.0,47236.0,168469.0,131307.0,52783.0,61830.0
96,30278.0,11782.0,71089.0,49555.0,18552.0,18881.0
97,16182.0,8.0,95776.0,144840.0,16174.0,16834.0
98,14145.0,2445.0,35366.0,21230.0,11700.0,11700.0
99,37832.0,91299.0,79931.0,56966.0,9854.0,27410.0
100,0.0,1519.0,411.0,36799.0,0.0,6651.0
101,2979.0,2383.0,53940.0,124698.0,2976.0,22033.0
102,17430.0,7867.0,26500.0,9070.0,9563.0,9563.0
103,0.0,4462.0,0.0,49804.0,0.0,12461.0
104,3825.0,646.0,39735.0,99969.0,3781.0,21937.0
105,0.0,341.0,2347.0,43082.0,0.0,1695.0
106,0.0,0.0,0.0,22555.0,0.0,536.0
107,20481.0,16962.0,35415.0,69273.0,13203.0,25147.0
108,2957.0,28022.0,15085.0,50279.0,1899.0,49563.0
109,90295.0,30007.0,144473.0,65618.0,60302.0,64578.0
110,1.0,79.0,56993.0,97579.0,1.0,1727.0
111,28977.0,16824.0,40913.0,30132.0,15698.0,24605.0
112,0.0,2895.0,472.0,26049.0,0.0,14787.0
113,13415.0,1541.0,91729.0,116572.0,11874.0,13541.0
114,29284.0,8790.0,90854.0,114042.0,21776.0,40494.0
115,39751.0,48267.0,64617.0,66713.0,15379.0,58784.0
116,1712.0,0.0,11117.0,13025.0,1712.0,2501.0
117,124732.0,168606.0,133068.0,11325.0,4247.0,8755.0
118,43946.0,12835.0,176995.0,136581.0,31427.0,32208.0
119,26862.0,6820.0,35708.0,10777.0,20042.0,20047.0
120,0.0,22258.0,0.0,13847.0,0.0,19811.0
121,50386.0,17572.0,139879.0,145376.0,35670.0,43527.0
122,105835.0,60652.0,185011.0,79176.0,45183.0,45183.0
123,9057.0,1233.0,92699.0,88578.0,7824.0,7824.0
124,40202.0,16297.0,57119.0,17890.0,23925.0,24510.0
125,31.0,9329.0,358.0,9561.0,0.0,0.0
126,23847.0,4414.0,83764.0,148263.0,19865.0,21250.0
127,24660.0,11141.0,30652.0,18410.0,13950.0,21184.0
128,4960.0,20192.0,12424.0,123059.0,2736.0,28203.0
129,5299.0,6651.0,9592.0,42928.0,4732.0,30995.0
130,31480.0,20470.0,53078.0,60202.0,14450.0,24797.0
131,41.0,20231.0,3633.0,90802.0,22.0,26264.0
132,3903.0,22889.0,40594.0,110884.0,3278.0,35912.0
133,31308.0,10873.0,68037.0,40267.0,20885.0,24023.0
134,0.0,3342.0,0.0,59575.0,0.0,10910.0
135,0.0,6138.0,0.0,58346.0,0.0,54033.0
136,0.0,385.0,5635.0,25588.0,0.0,1480.0
137,560.0,1204.0,1553.0,12877.0,475.0,10802.0
138,0.0,91.0,0.0,4272.0,0.0,2124.0
139,4.0,3229.0,1349.0,35144.0,4.0,3427.0
140,82417.0,57189.0,108212.0,35715.0,48678.0,84287.0
141,16795.0,8614.0,81109.0,80772.0,8181.0,8384.0
142,18157.0,12158.0,37755.0,22307.0,6002.0,6004.0
143,33125.0,15105.0,87857.0,75489.0,19033.0,21058.0
144,769.0,28195.0,3542.0,61805.0,740.0,64018.0
145,0.0,19743.0,0.0,51601.0,0.0,19033.0
146,694.0,118.0,1632.0,14524.0,694.0,21449.0
147,0.0,16412.0,0.0,113089.0,0.0,19840.0
148,17909.0,5323.0,72012.0,97074.0,12894.0,15320.0
149,62.0,594.0,62.0,67005.0,62.0,18012.0
150,1520.0,163.0,35599.0,34822.0,1357.0,1357.0
151,3429.0,98.0,80277.0,182799.0,3331.0,3998.0
152,2587.0,754.0,10989.0,34482.0,2329.0,6934.0
153,5777.0,1900.0,7241.0,7588.0,4722.0,12723.0
154,36612.0,7137.0,74360.0,65653.0,29937.0,34538.0
155,1120.0,2310.0,11304.0,18725.0,999.0,9619.0
156,9479.0,27812.0,10606.0,51348.0,3458.0,24144.0
157,0.0,2363.0,0.0,9408.0,0.0,7693.0
158,0.0,2687.0,0.0,20223.0,0.0,21325.0
159,734.0,605.0,980.0,3280.0,698.0,5288.0
160,30.0,8116.0,115.0,57518.0,30.0,41764.0
161,0.0,22848.0,433.0,33715.0,0.0,19085.0
162,0.0,25506.0,2147.0,85957.0,0.0,26448.0
163,43406.0,43406.0,61452.0,18340.0,0.0,0.0
164,19140.0,8653.0,48073.0,41235.0,12386.0,16760.0
165,0.0,1748.0,1782.0,92012.0,0.0,6149.0
166,10228.0,8130.0,18783.0,20693.0,6418.0,14730.0
167,235.0,27850.0,236.0,3320.0,0.0,0.0
168,0.0,687.0,0.0,23814.0,0.0,2810.0
169,0.0,204.0,606.0,11711.0,0.0,1037.0
170,9930.0,22222.0,37278.0,68285.0,1988.0,9746.0
171,3625.0,895.0,14796.0,30661.0,3175.0,6687.0
172,0.0,6321.0,0.0,99576.0,0.0,15251.0
173,31050.0,3545.0,109689.0,81990.0,27505.0,27505.0
174,0.0,5985.0,1008.0,133610.0,0.0,14523.0
175,30498.0,25556.0,73222.0,113498.0,14910.0,37717.0
176,79098.0,24040.0,108641.0,30514.0,55425.0,61122.0
177,1281.0,801.0,13553.0,110150.0,1272.0,16182.0
178,8840.0,235.0,74161.0,66055.0,8605.0,8941.0
179,6922.0,4514.0,17442.0,34894.0,5632.0,21677.0
180,0.0,2097.0,0.0,7384.0,0.0,14187.0
181,9841.0,4996.0,23144.0,52828.0,7615.0,13927.0
182,12285.0,38613.0,26379.0,39717.0,6951.0,34296.0
183,46989.0,25231.0,64544.0,24317.0,23860.0,26455.0
184,0.0,7888.0,863.0,35687.0,0.0,33106.0
185,0.0,876.0,0.0,36475.0,0.0,6859.0
186,10467.0,4816.0,48064.0,66618.0,7149.0,13236.0
187,0.0,484.0,0.0,28005.0,0.0,6645.0
188,95479.0,15162.0,117689.0,74984.0,80943.0,95541.0
189,27220.0,2123.0,61137.0,38919.0,25097.0,26028.0
190,9576.0,7002.0,13276.0,7470.0,6319.0,17041.0
191,30804.0,17440.0,61038.0,138519.0,26180.0,64617.0
192,0.0,0.0,0.0,4582.0,0.0,2298.0
193,2122.0,45458.0,11147.0,103690.0,1676.0,40110.0
194,3105.0,38295.0,8501.0,77973.0,1805.0,22694.0
195,76.0,15955.0,141.0,38338.0,68.0,22496.0
196,2460.0,0.0,7307.0,14488.0,2460.0,4771.0
197,5548.0,29910.0,22538.0,141350.0,2809.0,38535.0
198,35611.0,17983.0,63133.0,74158.0,25905.0,52657.0
199,9784.0,8685.0,34751.0,39080.0,2093.0,2093.0
200,5656.0,7362.0,8301.0,9348.0,3152.0,7433.0
201,22388.0,9041.0,30374.0,30217.0,18333.0,40254.0
202,0.0,23551.0,0.0,14538.0,0.0,24751.0
203,0.0,85.0,358.0,12856.0,0.0,2777.0
204,440.0,291.0,7747.0,32939.0,440.0,9476.0
205,6355.0,8248.0,17710.0,215542.0,4653.0,26658.0
206,485.0,968.0,22697.0,93295.0,471.0,13597.0
207,37.0,4932.0,79.0,61066.0,37.0,7178.0
208,7745.0,3279.0,26472.0,24445.0,4466.0,4466.0
209,12374.0,3837.0,188740.0,181776.0,8537.0,8537.0
210,20513.0,9263.0,33370.0,35628.0,14040.0,21102.0
211,18393.0,18073.0,31425.0,108542.0,9694.0,30863.0
212,9154.0,7832.0,15234.0,32263.0,8166.0,23888.0
213,71.0,4603.0,8995.0,44753.0,20.0,5774.0
214,15161.0,16218.0,44869.0,139570.0,10140.0,25787.0
215,6411.0,1034.0,43437.0,114295.0,6281.0,29264.0
216,13603.0,1857.0,48915.0,58409.0,12243.0,16161.0
217,112.0,52.0,2488.0,5654.0,112.0,1084.0
218,81322.0,28672.0,92332.0,13493.0,60907.0,99584.0
219,0.0,16219.0,0.0,7351.0,0.0,21451.0
220,0.0,208.0,0.0,16877.0,0.0,2124.0
221,0.0,8622.0,4978.0,50090.0,0.0,12160.0
222,9209.0,3398.0,35370.0,30215.0,6159.0,6159.0
223,9193.0,3391.0,61209.0,63100.0,6355.0,7167.0
224,14297.0,3415.0,76730.0,71586.0,11476.0,18678.0
225,119.0,5999.0,3094.0,58279.0,119.0,36746.0
226,1452.0,4073.0,10668.0,115343.0,1385.0,31863.0
227,20771.0,11018.0,76124.0,99134.0,12022.0,19031.0
228,31755.0,28606.0,67009.0,69794.0,15269.0,33201.0
229,1920.0,14612.0,4840.0,9892.0,1796.0,75291.0
230,11.0,0.0,193.0,6275.0,11.0,1238.0
231,45404.0,4454.0,93965.0,56234.0,41151.0,43755.0
232,28932.0,10879.0,92906.0,78356.0,22104.0,39664.0
233,0.0,956.0,2047.0,21877.0,0.0,1896.0
234,0.0,0.0,37452.0,105314.0,0.0,0.0
235,2990.0,4556.0,27730.0,87165.0,2882.0,40450.0
236,15461.0,6796.0,59160.0,43785.0,8665.0,8665.0
237,5621.0,847.0,29850.0,24229.0,4774.0,4774.0
238,0.0,14763.0,8934.0,129745.0,0.0,30438.0
239,12710.0,44601.0,22452.0,15904.0,7860.0,35310.0
240,1872.0,219.0,3626.0,7687.0,1872.0,4026.0
241,39120.0,37607.0,70022.0,74639.0,17653.0,37834.0
242,3012.0,8884.0,21531.0,90387.0,2015.0,18666.0
243,1.0,3195.0,3820.0,30632.0,1.0,18812.0
244,7509.0,3416.0,18623.0,18465.0,4410.0,7275.0
245,188.0,0.0,269.0,2295.0,188.0,4753.0
246,45124.0,6284.0,165018.0,123063.0,38840.0,38840.0
247,8910.0,763.0,20190.0,11280.0,8147.0,8147.0
248,0.0,34888.0,0.0,56690.0,0.0,22917.0
249,31535.0,7262.0,70050.0,67091.0,24273.0,24337.0
250,904.0,1609.0,1275.0,15703.0,853.0,5343.0
251,5899.0,10450.0,96942.0,108462.0,979.0,2412.0
252,11.0,11978.0,24879.0,74657.0,0.0,13224.0
253,452.0,34.0,21189.0,20961.0,418.0,418.0
254,0.0,36124.0,6118.0,46690.0,0.0,0.0
255,0.0,476.0,33126.0,71603.0,0.0,2112.0
256,0.0,319.0,0.0,18041.0,0.0,5096.0
257,38343.0,18473.0,101421.0,63735.0,19872.0,20044.0
258,6079.0,17748.0,16739.0,46000.0,4448.0,32863.0
259,14885.0,736.0,54863.0,48139.0,14202.0,17941.0
260,0.0,40.0,207.0,48100.0,0.0,8029.0
261,21001.0,2146.0,35086.0,14085.0,18855.0,18855.0
262,2205.0,0.0,2818.0,613.0,2205.0,2205.0
263,0.0,1789.0,0.0,7479.0,0.0,25007.0
264,15705.0,2952.0,59238.0,89543.0,14912.0,21135.0
265,0.0,379.0,1.0,31912.0,0.0,1227.0
266,327.0,16.0,18462.0,18135.0,311.0,311.0
267,7.0,125.0,73.0,40134.0,7.0,4539.0
268,19186.0,7370.0,44333.0,57433.0,14672.0,22646.0
269,4152.0,3690.0,31222.0,86231.0,4093.0,18805.0
270,275.0,4896.0,1058.0,46780.0,275.0,16151.0
271,0.0,9459.0,0.0,55.0,0.0,23527.0
272,67574.0,97830.0,91453.0,47925.0,8464.0,11994.0
273,17940.0,6967.0,93199.0,112470.0,10973.0,11195.0
274,20354.0,8215.0,71033.0,70388.0,14609.0,22130.0
275,0.0,13184.0,9831.0,45807.0,0.0,15781.0
276,15351.0,6812.0,56348.0,100148.0,13094.0,38039.0
277,28595.0,23009.0,148437.0,156055.0,22579.0,48062.0
278,5436.0,601.0,16636.0,11200.0,4835.0,4835.0
279,1560.0,3174.0,59686.0,92292.0,1515.0,12469.0
280,0.0,1735.0,121.0,50114.0,0.0,13270.0
281,0.0,24680.0,252.0,89627.0,0.0,19706.0
282,0.0,1040.0,0.0,29087.0,0.0,8614.0
283,42557.0,20612.0,86413.0,51347.0,23128.0,25474.0
284,41830.0,5579.0,76058.0,43772.0,36251.0,38901.0
285,325.0,16.0,22538.0,30833.0,309.0,313.0
286,53799.0,39266.0,68687.0,21634.0,25793.0,38724.0
287,31348.0,2794.0,102642.0,82684.0,28554.0,28554.0
288,30227.0,4191.0,41835.0,11619.0,26036.0,26036.0
289,19040.0,5374.0,48884.0,40185.0,13758.0,14501.0
290,3097.0,10817.0,12748.0,40774.0,2525.0,37598.0
291,0.0,2705.0,0.0,14226.0,0.0,3794.0
292,0.0,18869.0,0.0,50845.0,0.0,36800.0
293,20231.0,4627.0,66244.0,49458.0,15604.0,15604.0
294,1847.0,90.0,7492.0,5774.0,1757.0,1757.0
295,23711.0,55715.0,28849.0,10163.0,9389.0,45622.0
296,37.0,16.0,18219.0,60815.0,33.0,9353.0
297,27532.0,26654.0,38414.0,57398.0,22501.0,79560.0
298,19.0,10326.0,8893.0,112410.0,19.0,47182.0
299,2871.0,1331.0,36349.0,65474.0,2801.0,16658.0
300,67798.0,39132.0,99597.0,31799.0,28666.0,28666.0
301,0.0,9659.0,0.0,94499.0,0.0,15157.0
302,7705.0,64065.0,57519.0,109913.0,0.0,43378.0
303,5124.0,39829.0,7416.0,54649.0,3405.0,40552.0
304,2523.0,6017.0,8513.0,103276.0,2058.0,29216.0
305,937.0,2666.0,2895.0,31189.0,317.0,3003.0
306,0.0,7029.0,5143.0,82532.0,0.0,27642.0
307,27266.0,11191.0,52035.0,24921.0,16075.0,16075.0
308,1187.0,17111.0,7875.0,34935.0,1073.0,39514.0
309,311.0,17619.0,8380.0,68622.0,311.0,42880.0
310,0.0,2139.0,0.0,3676.0,0.0,1470.0
311,0.0,8472.0,12128.0,127817.0,0.0,12653.0
312,46956.0,6065.0,165894.0,165576.0,41860.0,80098.0
313,2974.0,14542.0,9129.0,40534.0,2426.0,40390.0
314,3236.0,4406.0,40174.0,207046.0,3117.0,11328.0
315,52789.0,2950.0,125237.0,81153.0,50074.0,74249.0
316,32642.0,21538.0,53245.0,49227.0,14007.0,18568.0
317,169.0,9475.0,3481.0,117868.0,169.0,35234.0
318,5257.0,12146.0,10247.0,21051.0,3326.0,12096.0
319,47151.0,7718.0,110993.0,164307.0,39441.0,43744.0
320,0.0,1520.0,0.0,9823.0,0.0,5014.0
321,552.0,2705.0,2171.0,15226.0,510.0,6936.0
322,0.0,940.0,0.0,8977.0,0.0,3119.0
323,2552.0,595.0,6471.0,24175.0,2504.0,9541.0
324,0.0,1730.0,132.0,75077.0,0.0,7013.0
325,0.0,238.0,165.0,23563.0,0.0,85180.0
326,32713.0,22075.0,63217.0,130686.0,14217.0,21589.0
327,4.0,23188.0,7390.0,93963.0,4.0,31592.0
328,10368.0,50041.0,18732.0,24318.0,1579.0,5256.0
329,0.0,8461.0,202.0,65377.0,0.0,10106.0
330,67531.0,48940.0,87514.0,45957.0,51177.0,77776.0
331,708.0,10734.0,4981.0,23250.0,209.0,9813.0
332,34817.0,5856.0,119484.0,136759.0,28978.0,29680.0
333,3425.0,640.0,54406.0,52484.0,2785.0,2785.0
334,14564.0,23480.0,23926.0,76130.0,14518.0,75284.0
335,65250.0,45839.0,123365.0,73738.0,19494.0,19677.0
336,73274.0,25376.0,100034.0,35972.0,47898.0,48591.0
337,2114.0,115.0,4957.0,3529.0,1999.0,2402.0
338,37336.0,9339.0,130387.0,94314.0,27997.0,27997.0
339,0.0,1449.0,0.0,15444.0,0.0,10956.0
340,10655.0,2658.0,27410.0,16755.0,7997.0,7997.0
341,0.0,20808.0,382.0,46447.0,0.0,32047.0
342,0.0,7275.0,4025.0,82250.0,0.0,30682.0
343,8846.0,32628.0,31552.0,65980.0,3555.0,30664.0
344,0.0,7593.0,3047.0,18654.0,0.0,15672.0
345,0.0,24662.0,0.0,14727.0,0.0,45292.0
346,13137.0,4449.0,74786.0,104016.0,9898.0,13105.0
347,8006.0,7530.0,79708.0,188321.0,7574.0,41399.0
348,0.0,28380.0,0.0,31603.0,0.0,34133.0
349,4189.0,23215.0,37788.0,102359.0,4115.0,40815.0
350,15920.0,7339.0,45761.0,41610.0,12559.0,24196.0
351,25224.0,4814.0,51043.0,85706.0,20429.0,22001.0
352,0.0,19238.0,15798.0,66055.0,0.0,14279.0
353,4801.0,27675.0,69447.0,112999.0,3259.0,26322.0
354,5338.0,2148.0,24945.0,36723.0,3208.0,3345.0
355,0.0,9448.0,0.0,4986.0,0.0,17126.0
356,0.0,365.0,0.0,42308.0,0.0,9109.0
357,12112.0,16537.0,28317.0,74016.0,10415.0,42605.0
358,79.0,5.0,4835.0,17194.0,79.0,3205.0
359,45014.0,10959.0,98593.0,66117.0,34055.0,34078.0
360,6122.0,3290.0,35756.0,79582.0,5439.0,16124.0
361,2335.0,52012.0,7493.0,83517.0,2335.0,65092.0
362,18652.0,7256.0,38531.0,54494.0,12483.0,18398.0
363,9862.0,11908.0,48386.0,160681.0,7966.0,50410.0
364,577.0,47634.0,4231.0,42608.0,474.0,12841.0
365,28266.0,9328.0,70269.0,64277.0,18938.0,18938.0
366,0.0,5087.0,16785.0,109141.0,0.0,22917.0
367,1429.0,1.0,14381.0,23787.0,1428.0,1988.0
368,5531.0,877.0,61747.0,138166.0,5029.0,14795.0
369,64418.0,16459.0,113095.0,61457.0,55049.0,68524.0
370,0.0,21107.0,385.0,53998.0,0.0,26321.0
371,782.0,7328.0,6696.0,55793.0,741.0,14157.0
372,0.0,125.0,1471.0,145974.0,0.0,14694.0
373,2718.0,0.0,26883.0,24907.0,2718.0,2718.0
374,66624.0,49901.0,82572.0,19205.0,26972.0,37353.0
375,5278.0,1188.0,19443.0,46154.0,5278.0,50137.0
376,1720.0,10482.0,20190.0,74456.0,1712.0,6708.0
377,53272.0,24674.0,92945.0,72962.0,38026.0,70707.0
378,49444.0,23582.0,135093.0,87055.0,25862.0,25862.0
379,13139.0,10902.0,67243.0,77096.0,6490.0,15498.0
380,7040.0,12219.0,29755.0,78592.0,6164.0,27185.0
381,55821.0,37534.0,67854.0,36865.0,28163.0,45294.0
382,82.0,211.0,18608.0,73885.0,82.0,2668.0
383,0.0,0.0,174.0,23459.0,0.0,333.0
384,0.0,5471.0,0.0,25705.0,0.0,17529.0
385,0.0,99.0,16299.0,73575.0,0.0,1494.0
386,0.0,317.0,214.0,47506.0,0.0,4409.0
387,16.0,10393.0,99.0,48834.0,16.0,54291.0
388,0.0,483.0,2.0,2.0,0.0,2855.0
389,29332.0,4899.0,98087.0,100344.0,25607.0,33957.0
390,6122.0,1649.0,16717.0,21636.0,5594.0,11426.0
391,0.0,8407.0,64.0,74889.0,0.0,19111.0
392,35882.0,48292.0,38854.0,60071.0,11461.0,29114.0
393,201.0,3344.0,2052.0,22989.0,201.0,7857.0
394,132.0,5405.0,25393.0,79480.0,132.0,17581.0
395,56699.0,23615.0,80842.0,45272.0,35399.0,44471.0
396,455.0,3629.0,523.0,4729.0,455.0,11118.0
397,28412.0,630.0,67144.0,78337.0,27826.0,36472.0
398,2642.0,2063.0,10352.0,10911.0,1719.0,3611.0
399,258.0,15982.0,2897.0,112303.0,236.0,47361.0
400,57633.0,97103.0,112511.0,83621.0,0.0,0.0
401,3582.0,14921.0,4410.0,15741.0,3176.0,26169.0
402,0.0,35617.0,18.0,87050.0,0.0,26937.0
403,0.0,15826.0,686.0,83088.0,0.0,63709.0
404,14625.0,3714.0,61886.0,52227.0,10911.0,10911.0
405,42006.0,17651.0,73762.0,33003.0,24355.0,24761.0
406,29994.0,6981.0,52926.0,42758.0,23032.0,24927.0
407,38709.0,22223.0,69524.0,92506.0,26604.0,46514.0
408,13801.0,5374.0,45486.0,103879.0,11680.0,46325.0
409,216.0,11636.0,247.0,14607.0,216.0,27215.0
410,43086.0,60126.0,78062.0,75620.0,0.0,0.0
411,0.0,7311.0,0.0,74917.0,0.0,9523.0
412,35659.0,56568.0,64527.0,141884.0,11846.0,37976.0
413,477.0,7429.0,3253.0,32296.0,460.0,11199.0
414,0.0,31605.0,8318.0,131242.0,0.0,5899.0
415,5331.0,6323.0,16157.0,39147.0,4682.0,29516.0
416,906.0,126.0,31672.0,124560.0,906.0,2197.0
417,0.0,5080.0,257.0,52918.0,0.0,22006.0
418,10214.0,7900.0,79081.0,198267.0,8138.0,19368.0
419,0.0,19456.0,3.0,107885.0,0.0,70374.0
420,4897.0,522.0,39016.0,105436.0,4377.0,4464.0
421,0.0,3149.0,19691.0,79370.0,0.0,8613.0
422,0.0,3531.0,0.0,61083.0,0.0,18301.0
423,933.0,14131.0,23087.0,79853.0,933.0,20702.0
424,19539.0,26318.0,35242.0,45959.0,8798.0,32282.0
425,28135.0,5393.0,79277.0,53073.0,22742.0,22742.0
426,0.0,0.0,0.0,25989.0,0.0,1102.0
427,6845.0,2012.0,56813.0,49968.0,4833.0,4833.0
428,0.0,6935.0,0.0,65370.0,0.0,6263.0
429,641.0,27639.0,1344.0,23880.0,641.0,35305.0
430,3227.0,2236.0,121409.0,213963.0,2038.0,4085.0
431,12834.0,1107.0,41254.0,41148.0,12288.0,19303.0
432,61900.0,93990.0,111419.0,81377.0,0.0,0.0
433,3221.0,1963.0,3837.0,1105.0,2111.0,4400.0
434,26783.0,5692.0,44024.0,24960.0,23828.0,39613.0
435,12901.0,1956.0,22846.0,15867.0,10956.0,12057.0
436,0.0,1637.0,4490.0,108994.0,0.0,9759.0
437,0.0,4362.0,36937.0,165578.0,0.0,20057.0
438,0.0,682.0,0.0,61877.0,0.0,14842.0
439,20734.0,12015.0,50651.0,48811.0,13044.0,22218.0
440,10798.0,2692.0,40375.0,35500.0,8106.0,8106.0
441,5151.0,22092.0,9409.0,63301.0,4598.0,41330.0
442,25154.0,8380.0,41382.0,17392.0,16889.0,17570.0
443,0.0,21684.0,0.0,69261.0,0.0,25170.0
444,0.0,5261.0,0.0,31780.0,0.0,6759.0
445,20887.0,4007.0,83666.0,117484.0,17278.0,24519.0
446,19393.0,37770.0,81679.0,85481.0,8507.0,20482.0
447,12609.0,5967.0,82340.0,72512.0,6642.0,6642.0
448,0.0,19169.0,38.0,67089.0,0.0,15158.0
449,10286.0,6342.0,46500.0,166968.0,9840.0,53410.0
450,2859.0,10429.0,29905.0,67257.0,2745.0,23187.0
451,872.0,86.0,47659.0,48824.0,786.0,786.0
452,39860.0,23839.0,85196.0,67948.0,16021.0,16021.0
453,0.0,10055.0,120.0,29514.0,0.0,17506.0
454,0.0,9205.0,200.0,132021.0,0.0,34794.0
455,3524.0,733.0,8539.0,26076.0,2798.0,2998.0
456,0.0,31.0,0.0,14657.0,0.0,1111.0
457,0.0,402.0,1508.0,17336.0,0.0,1412.0
458,2637.0,6781.0,3116.0,2783.0,1293.0,10544.0
459,42620.0,16250.0,104495.0,62162.0,26370.0,26383.0
460,11499.0,1546.0,49563.0,62799.0,9953.0,9953.0
461,43025.0,16448.0,155152.0,124768.0,26577.0,27841.0
462,10722.0,1729.0,25440.0,20460.0,8995.0,9735.0
463,29985.0,2635.0,48896.0,37949.0,27362.0,30972.0
464,3675.0,103582.0,7852.0,51717.0,51.0,1976.0
465,337.0,32228.0,2069.0,53697.0,227.0,52126.0
466,47356.0,11677.0,146263.0,111057.0,36849.0,41068.0
467,3.0,8988.0,717.0,8370.0,3.0,10361.0
468,2991.0,782.0,12806.0,10390.0,2224.0,2287.0
469,15885.0,4583.0,77349.0,76615.0,11302.0,11302.0
470,22544.0,16045.0,31847.0,36730.0,12680.0,23144.0
471,30589.0,8106.0,82473.0,52701.0,22483.0,22483.0
472,0.0,7254.0,0.0,91067.0,0.0,22802.0
473,7322.0,2734.0,29880.0,71176.0,5181.0,8098.0
474,4224.0,376.0,7715.0,45019.0,4008.0,12057.0
475,4184.0,91100.0,15299.0,147586.0,58.0,9546.0
476,51422.0,30888.0,112586.0,98746.0,25657.0,36506.0
477,0.0,3611.0,0.0,38403.0,0.0,8703.0
478,19018.0,6192.0,49287.0,32835.0,12826.0,12826.0
479,10963.0,32520.0,44133.0,129576.0,5319.0,24033.0
480,0.0,31705.0,0.0,67607.0,0.0,31773.0
481,44118.0,28927.0,86042.0,130784.0,24051.0,44531.0
482,0.0,6566.0,7.0,60974.0,0.0,35561.0
483,1618.0,7857.0,21715.0,81246.0,1356.0,20970.0
484,5475.0,134624.0,11614.0,32351.0,3.0,16868.0
485,0.0,73.0,0.0,45364.0,0.0,5953.0
486,54438.0,55315.0,159586.0,142965.0,19800.0,44058.0
487,79166.0,18898.0,171497.0,100663.0,60268.0,60268.0
488,56523.0,12759.0,97295.0,41989.0,43764.0,43764.0
489,30022.0,14829.0,73695.0,70390.0,16017.0,18549.0
490,78777.0,26088.0,122921.0,56999.0,53614.0,60521.0
491,0.0,43.0,0.0,12713.0,0.0,5395.0
492,5097.0,6072.0,24327.0,39964.0,3584.0,10279.0
493,7693.0,36376.0,11384.0,28171.0,3954.0,23737.0
494,0.0,1.0,702.0,7739.0,0.0,3040.0
495,2937.0,9570.0,4074.0,46391.0,2915.0,43216.0
496,8695.0,124159.0,8695.0,0.0,0.0,1194.0
497,3587.0,5819.0,30298.0,103161.0,3517.0,29651.0
498,3962.0,1404.0,58081.0,85545.0,2926.0,5348.0
499,13769.0,4995.0,31376.0,24248.0,8774.0,8779.0
500,24361.0,38605.0,28845.0,6324.0,7973.0,21217.0
501,4452.0,118.0,13549.0,9611.0,4350.0,5182.0
502,6954.0,966.0,41114.0,35200.0,5988.0,5988.0
503,0.0,1317.0,4465.0,71407.0,0.0,15058.0
504,19475.0,7018.0,49051.0,83152.0,13731.0,19960.0
505,0.0,1863.0,56.0,65567.0,0.0,3003.0
506,5607.0,1777.0,9203.0,3806.0,3861.0,4518.0
507,1753.0,1120.0,19305.0,28009.0,1725.0,5322.0
508,32202.0,22932.0,51060.0,21432.0,18360.0,26417.0
509,1944.0,51736.0,3094.0,23689.0,1612.0,72360.0
510,66871.0,42590.0,108406.0,63905.0,30956.0,42419.0
511,5155.0,20623.0,38583.0,139678.0,4292.0,36917.0
512,0.0,9230.0,0.0,13852.0,0.0,8450.0
513,30814.0,18873.0,58576.0,39845.0,16534.0,18283.0
514,1847.0,5714.0,9505.0,69517.0,1657.0,20141.0
515,48846.0,37589.0,77603.0,60961.0,25295.0,38024.0
516,40233.0,5876.0,108784.0,105144.0,34659.0,36031.0
517,5261.0,6702.0,25168.0,103348.0,4215.0,25278.0
518,1294.0,134.0,2111.0,4689.0,1294.0,5896.0
519,0.0,0.0,130788.0,189048.0,0.0,159.0
520,20174.0,20008.0,70570.0,91981.0,12157.0,30143.0
521,42408.0,17679.0,66604.0,75286.0,33897.0,68592.0
522,2343.0,1325.0,5674.0,13629.0,2278.0,17198.0
523,103704.0,15951.0,149480.0,47101.0,87753.0,87753.0
524,28208.0,27547.0,52446.0,68355.0,18479.0,52446.0
525,0.0,872.0,10884.0,81619.0,0.0,6769.0
526,5805.0,10557.0,16700.0,24143.0,0.0,0.0
527,21384.0,6162.0,69391.0,48372.0,15222.0,15222.0
528,26724.0,9087.0,29921.0,88963.0,21255.0,58556.0
529,0.0,34164.0,20.0,29453.0,0.0,5046.0
530,8503.0,37573.0,26207.0,102600.0,0.0,85.0
531,28605.0,28605.0,65331.0,36733.0,0.0,0.0
532,46990.0,36356.0,66968.0,38560.0,23494.0,31586.0
533,4161.0,273.0,8651.0,27008.0,3971.0,6878.0
534,0.0,4064.0,0.0,18972.0,0.0,12510.0
535,28117.0,36724.0,61040.0,120179.0,16278.0,58114.0
536,8544.0,7899.0,19684.0,87045.0,5345.0,32444.0
537,0.0,51.0,6419.0,107197.0,0.0,701.0
538,0.0,34276.0,34926.0,133618.0,0.0,42366.0
539,18493.0,2410.0,52017.0,79234.0,18477.0,73389.0
540,6755.0,42376.0,12395.0,89745.0,2452.0,17163.0
541,19020.0,15253.0,24467.0,22384.0,13582.0,25568.0
542,850.0,901.0,8807.0,23845.0,558.0,1172.0
543,0.0,240.0,1016.0,78022.0,0.0,6182.0
544,17927.0,10590.0,73262.0,57158.0,7337.0,7337.0
545,0.0,87.0,9386.0,43005.0,0.0,1611.0
546,0.0,329.0,1636.0,104855.0,0.0,4017.0
547,16669.0,35098.0,67793.0,216411.0,7020.0,33172.0
548,36804.0,20555.0,75163.0,46588.0,19360.0,24430.0
549,13550.0,2593.0,119312.0,105764.0,10957.0,10957.0
550,7314.0,17459.0,8486.0,47635.0,4603.0,47855.0
551,22092.0,18024.0,45426.0,50981.0,12563.0,28207.0
552,0.0,8686.0,0.0,2205.0,0.0,24639.0
553,3777.0,11639.0,4796.0,30710.0,3211.0,44469.0
554,0.0,22438.0,0.0,11679.0,0.0,109.0
555,7684.0,1351.0,31705.0,24021.0,6333.0,6333.0
556,194.0,24770.0,15350.0,120631.0,194.0,38431.0
557,17763.0,1001.0,32255.0,69548.0,17002.0,35204.0
558,2206.0,0.0,28420.0,27554.0,2206.0,2206.0
559,9699.0,5145.0,45024.0,85060.0,8377.0,23517.0
560,18572.0,8099.0,28250.0,9678.0,10473.0,10473.0
561,0.0,74.0,21248.0,85909.0,0.0,5145.0
562,10564.0,21802.0,99778.0,121265.0,0.0,0.0
563,3808.0,4159.0,16522.0,37895.0,2764.0,15114.0
564,0.0,183.0,0.0,38560.0,0.0,7714.0
565,1998.0,6199.0,11712.0,49999.0,1998.0,29782.0
566,0.0,0.0,2599.0,18958.0,0.0,0.0
567,17116.0,1135.0,23407.0,9600.0,15981.0,16229.0
568,0.0,208.0,63.0,13252.0,0.0,2121.0
569,5434.0,569.0,6231.0,3256.0,4941.0,9168.0
570,0.0,606.0,33.0,4852.0,0.0,4728.0
571,31587.0,15191.0,70222.0,114588.0,22425.0,33037.0
572,0.0,11539.0,3465.0,100479.0,0.0,25719.0
573,0.0,60.0,0.0,14046.0,0.0,2642.0
574,22190.0,15565.0,80363.0,80426.0,14492.0,26938.0
575,0.0,2182.0,0.0,42224.0,0.0,8079.0
576,14835.0,74556.0,24735.0,31120.0,112.0,7613.0
577,20303.0,26150.0,26820.0,62496.0,12204.0,66534.0
578,0.0,5746.0,0.0,5908.0,0.0,9281.0
579,11166.0,4749.0,79863.0,76402.0,8013.0,29059.0
580,21670.0,2333.0,31954.0,10567.0,19337.0,19622.0
581,10777.0,25359.0,44947.0,106834.0,7512.0,50901.0
582,2975.0,73.0,50805.0,50367.0,2902.0,2902.0
583,3.0,17388.0,6519.0,72888.0,3.0,19875.0
584,5740.0,701.0,22614.0,24722.0,5039.0,5219.0
585,52649.0,27913.0,64411.0,11762.0,24736.0,24736.0
586,11695.0,3736.0,46949.0,38488.0,7959.0,7959.0
587,184.0,0.0,5523.0,5339.0,184.0,184.0
588,16750.0,9.0,20466.0,3716.0,16741.0,16741.0
589,664.0,2978.0,4589.0,90843.0,663.0,37138.0
590,0.0,15229.0,216.0,27675.0,0.0,10532.0
591,65926.0,29581.0,87165.0,21267.0,36345.0,36345.0
592,4773.0,10058.0,9591.0,30670.0,2868.0,25944.0
593,90091.0,56886.0,126157.0,48882.0,33648.0,36199.0
594,0.0,21324.0,3536.0,47465.0,0.0,32576.0
595,0.0,3980.0,0.0,140803.0,0.0,12306.0
596,1105.0,8346.0,15373.0,98301.0,842.0,16009.0
597,19592.0,50291.0,28968.0,18002.0,0.0,0.0
598,0.0,462.0,0.0,65565.0,0.0,4366.0
599,8638.0,128.0,128427.0,133725.0,8510.0,8510.0
600,0.0,7917.0,1201.0,50673.0,0.0,29612.0
601,0.0,1628.0,2233.0,26224.0,0.0,5908.0
602,40237.0,10160.0,57669.0,71974.0,34781.0,65093.0
603,11844.0,28257.0,44555.0,86162.0,7502.0,49797.0
604,56006.0,8182.0,96595.0,125927.0,47924.0,58905.0
605,16550.0,4595.0,22722.0,44344.0,12985.0,22159.0
606,81.0,7850.0,321.0,61250.0,81.0,29061.0
607,54351.0,18458.0,141598.0,91938.0,35893.0,35907.0
608,3687.0,6.0,44707.0,107220.0,3681.0,6630.0
609,18152.0,10067.0,27603.0,11028.0,8637.0,10964.0
610,17869.0,6416.0,49765.0,60777.0,14732.0,23968.0
611,0.0,5522.0,0.0,58585.0,0.0,0.0
612,0.0,29593.0,17436.0,113070.0,0.0,20987.0
613,84959.0,26631.0,118884.0,50061.0,60015.0,69638.0
614,70859.0,22857.0,183867.0,125918.0,48002.0,48002.0
615,155986.0,189152.0,285510.0,171595.0,1036.0,1036.0
616,0.0,7659.0,7974.0,79073.0,0.0,24882.0
617,3.0,210.0,4250.0,89636.0,3.0,5942.0
618,0.0,10805.0,0.0,11711.0,0.0,20120.0
619,22411.0,510.0,42853.0,52063.0,21943.0,27233.0
620,0.0,10606.0,0.0,51246.0,0.0,12694.0
621,25555.0,50014.0,36116.0,23191.0,904.0,3815.0
622,33682.0,11350.0,96897.0,63381.0,22332.0,22332.0
623,15150.0,13366.0,44447.0,56927.0,8249.0,23086.0
624,12184.0,7435.0,32161.0,54326.0,8651.0,29128.0
625,7809.0,15759.0,13201.0,33942.0,6338.0,79119.0
626,40373.0,22901.0,104902.0,64622.0,17472.0,17472.0
627,65827.0,48610.0,99641.0,45798.0,27881.0,33404.0
628,834.0,5184.0,13734.0,27914.0,826.0,11613.0
629,11116.0,275.0,33006.0,21890.0,10841.0,10841.0
630,7735.0,627.0,62286.0,86809.0,7120.0,14795.0
631,46267.0,37457.0,88806.0,72335.0,20090.0,37994.0
632,14515.0,521.0,92212.0,89499.0,13994.0,13994.0
633,0.0,527.0,21708.0,112129.0,0.0,7397.0
634,813.0,135.0,29748.0,38411.0,680.0,691.0
635,6.0,146041.0,71.0,49316.0,0.0,7070.0
636,3175.0,32931.0,6774.0,57352.0,2134.0,31625.0
637,285.0,27967.0,15968.0,174436.0,285.0,52705.0
638,0.0,1106.0,0.0,53736.0,0.0,8219.0
639,0.0,22213.0,398.0,143992.0,0.0,79831.0
640,46728.0,42876.0,104111.0,59124.0,3852.0,3852.0
641,12163.0,3169.0,37828.0,25665.0,8994.0,8994.0
642,0.0,21206.0,0.0,79002.0,0.0,40427.0
643,4336.0,471.0,17469.0,13150.0,3865.0,3865.0
644,0.0,8842.0,1859.0,60468.0,0.0,11140.0
645,57872.0,36212.0,85803.0,60047.0,24151.0,34504.0
646,23841.0,16504.0,42879.0,50391.0,12075.0,20640.0
647,61181.0,19592.0,155070.0,189268.0,41693.0,52513.0
648,0.0,9811.0,7.0,49062.0,0.0,14413.0
649,434.0,4349.0,2733.0,15723.0,393.0,4362.0
650,60115.0,17458.0,111647.0,70067.0,43279.0,48544.0
651,23669.0,20868.0,76439.0,137942.0,16811.0,53166.0
652,10022.0,317.0,64523.0,60827.0,9706.0,10966.0
653,21833.0,19298.0,72134.0,125081.0,9556.0,15631.0
654,91463.0,53137.0,169302.0,108920.0,43129.0,50861.0
655,20900.0,3274.0,66948.0,62021.0,17626.0,17626.0
656,11845.0,1605.0,89830.0,131017.0,10240.0,10375.0
657,22491.0,20813.0,28345.0,24169.0,9029.0,20687.0
658,2534.0,1102.0,10335.0,29889.0,2115.0,6124.0
659,20181.0,24514.0,66290.0,50352.0,0.0,0.0
660,15156.0,7175.0,81746.0,66590.0,7981.0,7981.0
661,74445.0,72814.0,102847.0,28402.0,1631.0,1631.0
662,20953.0,10556.0,31246.0,25370.0,15807.0,45687.0
663,0.0,0.0,47352.0,66343.0,0.0,0.0
664,836.0,48789.0,10566.0,140925.0,96.0,67135.0
665,637.0,1167.0,5068.0,46598.0,631.0,4951.0
666,42034.0,19921.0,60953.0,33390.0,24785.0,31534.0
667,7978.0,2888.0,59648.0,76138.0,5913.0,8517.0
668,24904.0,809.0,53113.0,31862.0,24230.0,25683.0
669,11299.0,13270.0,23961.0,44950.0,7820.0,33782.0
670,0.0,7384.0,0.0,106974.0,0.0,34159.0
671,18273.0,11719.0,25900.0,50550.0,8961.0,15502.0
672,0.0,1831.0,60.0,38403.0,0.0,5273.0
673,0.0,0.0,0.0,8443.0,0.0,984.0
674,0.0,157.0,1015.0,32078.0,0.0,1211.0
675,2190.0,13856.0,21958.0,85940.0,1911.0,30709.0
676,0.0,0.0,0.0,7830.0,0.0,3649.0
677,137334.0,93298.0,143810.0,7407.0,76730.0,89546.0
678,30122.0,16285.0,44831.0,45218.0,13852.0,14367.0
679,5618.0,100036.0,76531.0,127388.0,158.0,4674.0
680,14472.0,11621.0,40679.0,93300.0,11268.0,36078.0
681,9196.0,1441.0,35501.0,35386.0,7755.0,8497.0
682,11262.0,25812.0,23244.0,42681.0,5293.0,35581.0
683,0.0,0.0,75.0,10246.0,0.0,1550.0
684,10380.0,6272.0,32908.0,72599.0,7402.0,21853.0
685,15780.0,11.0,78349.0,63674.0,15769.0,15769.0
686,43924.0,6320.0,90643.0,92222.0,37605.0,40965.0
687,4880.0,413.0,20487.0,15607.0,4467.0,4467.0
688,5565.0,779.0,116720.0,119969.0,4786.0,4795.0
689,7762.0,21996.0,16011.0,21263.0,3961.0,17097.0
690,3.0,1365.0,43629.0,164528.0,1.0,3321.0
691,14531.0,6590.0,94457.0,103227.0,8109.0,8577.0
692,14568.0,19830.0,16462.0,29143.0,5606.0,14186.0
693,8040.0,20290.0,51625.0,101897.0,7361.0,48172.0
694,27292.0,40786.0,29496.0,22693.0,15459.0,44157.0
695,16882.0,72190.0,24777.0,84679.0,2034.0,27851.0
696,22021.0,10214.0,85739.0,77322.0,11807.0,11807.0
697,3408.0,16966.0,11483.0,116633.0,2637.0,50097.0
698,8295.0,7195.0,60720.0,129318.0,8032.0,49748.0
699,23625.0,45423.0,37553.0,28910.0,123.0,123.0
700,9437.0,37590.0,28202.0,58885.0,6982.0,26259.0
701,0.0,99.0,0.0,14362.0,0.0,3913.0
702,91110.0,76834.0,118038.0,60217.0,31079.0,39005.0
703,2930.0,9634.0,5234.0,7323.0,15.0,125.0
704,0.0,13981.0,17348.0,123630.0,0.0,67825.0
705,0.0,11639.0,36.0,27873.0,0.0,20409.0
706,0.0,5318.0,601.0,98689.0,0.0,15417.0
707,0.0,0.0,0.0,35725.0,0.0,27216.0
708,0.0,15527.0,7035.0,112429.0,0.0,17168.0
709,426.0,25109.0,1013.0,63392.0,426.0,36744.0
710,0.0,2396.0,0.0,3059.0,0.0,2769.0
711,23216.0,425.0,63509.0,48500.0,22791.0,22791.0
712,25908.0,20211.0,66694.0,90838.0,12823.0,19856.0
713,39603.0,12143.0,68758.0,53073.0,27590.0,30331.0
714,0.0,3033.0,27964.0,108627.0,0.0,6511.0
715,16641.0,932.0,28692.0,21313.0,15709.0,16257.0
716,2539.0,3613.0,11496.0,118379.0,2047.0,12103.0
717,13943.0,638.0,62679.0,61676.0,13310.0,15501.0
718,2352.0,8759.0,3101.0,70998.0,2322.0,50084.0
719,0.0,8015.0,0.0,28953.0,0.0,29140.0
720,19176.0,12395.0,135350.0,128427.0,8334.0,9075.0
721,167.0,162.0,22239.0,57277.0,167.0,4068.0
722,0.0,611.0,0.0,46737.0,0.0,12417.0
723,512.0,0.0,1323.0,23043.0,512.0,3792.0
724,0.0,460.0,11461.0,43273.0,0.0,8105.0
725,0.0,0.0,8860.0,52756.0,0.0,1694.0
726,1123.0,1264.0,10883.0,110060.0,1041.0,14981.0
727,14535.0,10496.0,46143.0,31804.0,4039.0,4039.0
728,7427.0,9616.0,17862.0,103199.0,6414.0,40256.0
729,0.0,28032.0,0.0,96130.0,0.0,33164.0
730,14.0,987.0,51.0,55786.0,14.0,9338.0
731,60680.0,11764.0,123626.0,65273.0,48916.0,53591.0
732,0.0,13939.0,7336.0,121673.0,0.0,37850.0
733,19208.0,13849.0,47235.0,35811.0,14279.0,26670.0
734,0.0,7623.0,63.0,23440.0,0.0,40569.0
735,25492.0,9313.0,73489.0,52828.0,16855.0,18255.0
736,3820.0,0.0,130781.0,159990.0,3820.0,3820.0
737,0.0,2506.0,732.0,126649.0,0.0,30477.0
738,33686.0,1590.0,110051.0,95290.0,32399.0,50134.0
739,0.0,6329.0,862.0,62808.0,0.0,34918.0
740,4732.0,554.0,16417.0,12597.0,4178.0,4178.0
741,45090.0,40946.0,103156.0,87880.0,17971.0,22866.0
742,7131.0,2853.0,28509.0,32237.0,4278.0,4321.0
743,9747.0,9464.0,18874.0,34029.0,8334.0,43011.0
744,7402.0,4065.0,24416.0,37137.0,4620.0,9956.0
745,11849.0,5880.0,108910.0,177959.0,6995.0,13794.0
746,15311.0,2811.0,71796.0,56485.0,12500.0,12500.0
747,0.0,53.0,0.0,16762.0,0.0,3168.0
748,68754.0,34754.0,108828.0,42743.0,34000.0,34000.0
749,2248.0,41289.0,4772.0,66920.0,1340.0,27893.0
750,896.0,22884.0,11389.0,56158.0,828.0,33297.0
751,20971.0,8067.0,26971.0,40792.0,16144.0,45601.0
752,45660.0,46351.0,62705.0,52947.0,25376.0,60292.0
753,0.0,907.0,22492.0,121742.0,0.0,12660.0
754,19093.0,5167.0,94723.0,75630.0,13926.0,13926.0
755,3378.0,13302.0,7899.0,73520.0,3175.0,33713.0
756,36587.0,4212.0,90506.0,103826.0,32625.0,35721.0
757,0.0,0.0,2876.0,27508.0,0.0,2055.0
758,29498.0,35326.0,46770.0,54288.0,16643.0,58416.0
759,24104.0,4059.0,95146.0,73892.0,20045.0,20496.0
760,27137.0,2030.0,57719.0,31713.0,25107.0,25463.0
761,0.0,7122.0,2766.0,89677.0,0.0,23135.0
762,0.0,3399.0,4212.0,67093.0,0.0,14189.0
763,557.0,238.0,28673.0,118022.0,557.0,6048.0
764,75100.0,59466.0,157280.0,122495.0,24438.0,44280.0
765,92195.0,16013.0,165493.0,91667.0,76389.0,79009.0
766,8329.0,8769.0,10399.0,18711.0,6664.0,27478.0
767,8.0,4921.0,1111.0,51788.0,8.0,20788.0
768,70476.0,19509.0,139489.0,91429.0,50967.0,50969.0
769,0.0,25826.0,2297.0,94553.0,0.0,13892.0
770,49889.0,21669.0,106567.0,62066.0,28220.0,28232.0
771,0.0,245.0,0.0,95526.0,0.0,5680.0
772,961.0,161.0,2750.0,1847.0,800.0,800.0
773,0.0,404.0,0.0,4846.0,0.0,7220.0
774,18631.0,18802.0,27990.0,22380.0,6101.0,10826.0
775,52731.0,36188.0,89654.0,80497.0,29586.0,44890.0
776,14524.0,869.0,21245.0,6721.0,13655.0,13655.0
777,25657.0,5881.0,42381.0,56783.0,23943.0,63270.0
778,12685.0,3940.0,60754.0,76205.0,8792.0,9371.0
779,1584.0,450.0,18378.0,21810.0,1134.0,1136.0
780,6098.0,5989.0,24824.0,29065.0,3838.0,10897.0
781,15985.0,2304.0,85382.0,110127.0,14446.0,21956.0
782,16733.0,3620.0,127645.0,185290.0,16652.0,36247.0
783,10560.0,3872.0,43464.0,32904.0,6688.0,6688.0
784,52213.0,20797.0,77121.0,98455.0,32208.0,39127.0
785,8813.0,1588.0,15337.0,8176.0,7567.0,10280.0
786,0.0,191.0,1743.0,25780.0,0.0,3113.0
787,0.0,5795.0,32879.0,147854.0,0.0,27542.0
788,19001.0,65946.0,36253.0,28431.0,1.0,1072.0
789,50313.0,135025.0,63533.0,27678.0,0.0,0.0
790,2686.0,944.0,32739.0,93290.0,2686.0,16856.0
791,9393.0,8971.0,19950.0,85913.0,9062.0,111250.0
792,20.0,3212.0,4550.0,76882.0,20.0,16757.0
793,26218.0,9711.0,67944.0,107016.0,22334.0,47434.0
794,262.0,0.0,44422.0,130625.0,262.0,10085.0
795,68148.0,21448.0,155000.0,100769.0,47365.0,52092.0
796,18861.0,20581.0,23198.0,64823.0,13487.0,41295.0
797,0.0,455.0,882.0,20191.0,0.0,106.0
798,29305.0,16558.0,43198.0,40539.0,20372.0,40108.0
799,0.0,2654.0,0.0,4175.0,0.0,3179.0
800,49726.0,5988.0,64894.0,26319.0,43741.0,46087.0
801,14309.0,2437.0,82694.0,86663.0,11872.0,12490.0
802,0.0,11258.0,0.0,80287.0,0.0,26497.0
803,0.0,84.0,810.0,16530.0,0.0,442.0
804,0.0,2868.0,345.0,145312.0,0.0,34971.0
805,1457.0,5885.0,70449.0,106745.0,1410.0,9155.0
806,0.0,827.0,0.0,11196.0,0.0,4300.0
807,22033.0,29708.0,58174.0,88828.0,3824.0,18291.0
808,21740.0,9734.0,36229.0,38278.0,18238.0,39666.0
809,3265.0,47.0,62299.0,70526.0,3218.0,3218.0
810,0.0,24961.0,409.0,51852.0,0.0,30381.0
811,0.0,4688.0,19347.0,134237.0,0.0,34578.0
812,0.0,19041.0,571.0,25111.0,0.0,21169.0
813,6940.0,16535.0,39355.0,123421.0,5992.0,24715.0
814,15687.0,4514.0,45408.0,29721.0,11173.0,11173.0
815,68003.0,15116.0,128374.0,72247.0,52887.0,53096.0
816,0.0,0.0,1099.0,24989.0,0.0,820.0
817,0.0,437.0,0.0,54079.0,0.0,1929.0
818,999.0,21122.0,11473.0,129870.0,796.0,36577.0
819,0.0,7364.0,883.0,62030.0,0.0,12396.0
820,8417.0,3003.0,39500.0,96733.0,5470.0,7359.0
821,7703.0,10966.0,24258.0,32855.0,3343.0,11390.0
822,11516.0,336.0,23997.0,12481.0,11180.0,11239.0
823,0.0,27395.0,0.0,72194.0,0.0,33299.0
824,37518.0,16548.0,87258.0,107092.0,22266.0,30371.0
825,61269.0,11121.0,170593.0,125856.0,50148.0,50152.0
826,9171.0,16346.0,13342.0,24534.0,5844.0,33421.0
827,6994.0,521.0,44582.0,37588.0,6473.0,6473.0
828,32910.0,11738.0,36097.0,12836.0,23767.0,32731.0
829,17678.0,1873.0,29125.0,63939.0,16884.0,26467.0
830,0.0,14836.0,0.0,49157.0,0.0,33222.0
831,7635.0,1588.0,78104.0,75783.0,6047.0,6047.0
832,0.0,105.0,0.0,2840.0,0.0,800.0
833,14007.0,6003.0,99443.0,121707.0,12673.0,22243.0
834,31969.0,30208.0,40442.0,29728.0,11559.0,19821.0
835,66116.0,171723.0,87225.0,91862.0,31.0,224.0
836,14364.0,18134.0,75836.0,121310.0,12306.0,34979.0
837,0.0,188.0,27415.0,93779.0,0.0,1231.0
838,120.0,2287.0,6057.0,19594.0,120.0,8609.0
839,55007.0,30132.0,143140.0,98655.0,24875.0,24875.0
840,29741.0,19937.0,66258.0,52617.0,13016.0,17896.0
841,2589.0,4275.0,2744.0,17889.0,2589.0,22912.0
842,21619.0,10333.0,43280.0,70524.0,17738.0,46201.0
843,10728.0,8432.0,26376.0,23177.0,6147.0,10595.0
844,0.0,622.0,23828.0,81260.0,0.0,3287.0
845,0.0,5030.0,9287.0,195271.0,0.0,12695.0
846,1602.0,13188.0,10685.0,68807.0,1602.0,43375.0
847,11271.0,33619.0,12408.0,11028.0,8099.0,55839.0
848,3250.0,58.0,23345.0,97087.0,3249.0,42422.0
849,5823.0,29208.0,29427.0,84041.0,3317.0,45584.0
850,3067.0,7418.0,74223.0,123707.0,2936.0,30446.0
851,488.0,13263.0,488.0,13699.0,488.0,39207.0
852,19281.0,80.0,97700.0,79175.0,19201.0,19201.0
853,0.0,57156.0,7224.0,160981.0,0.0,126.0
854,22412.0,3474.0,65789.0,63525.0,19139.0,19813.0
855,9603.0,1932.0,77494.0,106650.0,7671.0,7671.0
856,12061.0,4679.0,55992.0,73548.0,7563.0,8378.0
857,0.0,1384.0,0.0,24904.0,0.0,13553.0
858,30865.0,12320.0,117771.0,134636.0,24538.0,46160.0
859,3750.0,29542.0,8353.0,87856.0,3030.0,39607.0
860,12725.0,42264.0,64573.0,149283.0,0.0,0.0
861,87453.0,54248.0,111006.0,43717.0,36194.0,41506.0
862,1084.0,3359.0,8535.0,42556.0,969.0,13014.0
863,7.0,15788.0,3626.0,97029.0,7.0,37180.0
864,2789.0,9005.0,9183.0,33031.0,2278.0,13106.0
865,17445.0,19667.0,81014.0,118922.0,9325.0,22861.0
866,33737.0,29051.0,49623.0,44510.0,11292.0,18844.0
867,1560.0,19476.0,3502.0,36528.0,1028.0,17433.0
868,23087.0,12200.0,74934.0,104996.0,15879.0,22419.0
869,17602.0,3424.0,59193.0,52170.0,14178.0,14178.0
870,15419.0,7587.0,32152.0,34086.0,9425.0,12114.0
871,1456.0,7916.0,3518.0,30189.0,1437.0,14619.0
872,0.0,1800.0,137.0,22141.0,0.0,6152.0
873,319.0,1806.0,7166.0,44333.0,318.0,16373.0
874,19375.0,5163.0,33704.0,39336.0,15605.0,27764.0
875,617.0,7028.0,857.0,20231.0,582.0,11516.0
876,31577.0,77985.0,84661.0,117448.0,0.0,0.0
877,6017.0,30245.0,13879.0,70436.0,3669.0,32001.0
878,7751.0,920.0,21908.0,15696.0,6948.0,13986.0
879,20976.0,18988.0,41447.0,60232.0,9725.0,20614.0
880,1987.0,19887.0,11547.0,35154.0,1778.0,20908.0
881,0.0,2401.0,22638.0,134438.0,0.0,11683.0
882,0.0,5570.0,2584.0,70875.0,0.0,14162.0
883,12453.0,1523.0,75598.0,69570.0,10930.0,10930.0
884,0.0,148.0,0.0,35008.0,0.0,11280.0
885,44439.0,10200.0,71568.0,37705.0,34245.0,35658.0
886,4559.0,2936.0,14857.0,47186.0,3839.0,13436.0
887,21467.0,4698.0,42366.0,22766.0,16769.0,16769.0
888,0.0,460.0,0.0,9757.0,0.0,8858.0
889,5431.0,2346.0,90442.0,119083.0,3351.0,4251.0
890,16252.0,3745.0,47964.0,32223.0,12507.0,12507.0
891,0.0,280.0,3557.0,55213.0,0.0,14616.0
892,100.0,1365.0,30917.0,102137.0,100.0,8972.0
893,400.0,1984.0,16852.0,161057.0,399.0,43350.0
894,26693.0,7790.0,70325.0,56747.0,19891.0,26482.0
895,14167.0,19360.0,52241.0,81166.0,10459.0,33639.0
896,0.0,310.0,0.0,7981.0,0.0,4678.0
897,17207.0,34240.0,62918.0,83131.0,10509.0,32725.0
898,6401.0,2693.0,19886.0,16150.0,3708.0,3708.0
899,88187.0,27206.0,144142.0,59503.0,60981.0,63077.0
900,19633.0,9880.0,35414.0,19918.0,9753.0,9830.0
901,0.0,115.0,1.0,33068.0,0.0,1276.0
902,44191.0,24733.0,64347.0,20156.0,19458.0,19458.0
903,2951.0,6878.0,4235.0,7466.0,1354.0,6532.0
904,11274.0,4963.0,22763.0,13003.0,6311.0,6311.0
905,0.0,2517.0,31380.0,96213.0,0.0,20051.0
906,13779.0,17214.0,19139.0,57773.0,9386.0,24252.0
907,16719.0,53557.0,37093.0,115786.0,3069.0,3873.0
908,446.0,2073.0,5485.0,17075.0,435.0,5844.0
909,16404.0,1590.0,35195.0,37067.0,15285.0,20160.0
910,26393.0,11694.0,43873.0,17488.0,14699.0,14699.0
911,11994.0,131.0,30425.0,46282.0,11994.0,18045.0
912,20173.0,20173.0,35375.0,15266.0,0.0,0.0
913,2268.0,6619.0,7954.0,58882.0,1963.0,22108.0
914,0.0,27.0,0.0,3720.0,0.0,1083.0
915,2986.0,2247.0,8457.0,19499.0,1549.0,27264.0
916,7178.0,6501.0,36168.0,81993.0,5434.0,19849.0
917,27838.0,6398.0,63150.0,43489.0,21570.0,22238.0
918,4855.0,0.0,23817.0,43843.0,4855.0,4855.0
919,0.0,10218.0,16677.0,147770.0,0.0,18071.0
920,41946.0,9602.0,112434.0,132703.0,36163.0,65548.0
921,121.0,8394.0,17775.0,101376.0,121.0,12777.0
922,10723.0,823.0,24738.0,14015.0,9900.0,9900.0
923,44111.0,15768.0,78218.0,50631.0,31762.0,41960.0
924,56310.0,41265.0,61336.0,17951.0,28202.0,44561.0
925,700.0,40282.0,3824.0,84536.0,700.0,28868.0
926,10124.0,968.0,34627.0,55239.0,9664.0,16495.0
927,0.0,1060.0,4297.0,33259.0,0.0,6597.0
928,11281.0,2147.0,40123.0,30952.0,9134.0,9134.0
929,58717.0,19181.0,206126.0,152367.0,39536.0,39536.0
930,0.0,0.0,0.0,82870.0,0.0,2957.0
931,774.0,27189.0,12875.0,53050.0,767.0,31485.0
932,12.0,50213.0,12.0,24898.0,12.0,39600.0
933,0.0,10976.0,1631.0,63649.0,0.0,26254.0
934,5725.0,5976.0,13298.0,15430.0,2697.0,5401.0
935,594.0,13073.0,22473.0,78816.0,594.0,30843.0
936,2454.0,5112.0,56985.0,120002.0,2395.0,24472.0
937,11941.0,321.0,63667.0,129118.0,11627.0,13165.0
938,7142.0,9905.0,7892.0,19635.0,7000.0,26241.0
939,0.0,20104.0,353.0,82070.0,0.0,22326.0
940,2706.0,8336.0,14231.0,25044.0,2617.0,25568.0
941,20716.0,4238.0,75740.0,57780.0,16499.0,17718.0
942,34322.0,16282.0,52063.0,25068.0,25979.0,43762.0
943,0.0,0.0,0.0,13656.0,0.0,18679.0
944,1549.0,12445.0,59020.0,145794.0,1548.0,25344.0
945,4076.0,1501.0,47644.0,52436.0,2575.0,2575.0
946,20243.0,20589.0,78263.0,161522.0,15715.0,42721.0
947,1104.0,38193.0,7759.0,69838.0,636.0,14230.0
948,22379.0,1999.0,80560.0,69702.0,20527.0,21698.0
949,190.0,21229.0,824.0,100745.0,190.0,33860.0
950,3.0,23875.0,3798.0,76498.0,1.0,29915.0
951,23908.0,46914.0,35571.0,23859.0,15243.0,53534.0
952,89939.0,36749.0,162104.0,78281.0,53192.0,53471.0
953,0.0,1010.0,3089.0,53980.0,0.0,6612.0
954,55620.0,94173.0,82770.0,53582.0,15.0,32.0
955,23242.0,1.0,66204.0,95394.0,23242.0,28572.0
956,0.0,7191.0,5368.0,101401.0,0.0,18985.0
957,1743.0,9265.0,2164.0,37219.0,1725.0,31523.0
958,40045.0,14570.0,98937.0,90553.0,26857.0,32173.0
959,22701.0,27150.0,73710.0,66891.0,15113.0,45699.0
960,0.0,69.0,0.0,14345.0,0.0,612.0
961,35426.0,3134.0,47575.0,13553.0,32292.0,32292.0
962,0.0,613.0,0.0,52205.0,0.0,10268.0
963,8897.0,23.0,81963.0,151302.0,8874.0,12243.0
964,2102.0,5402.0,3416.0,9461.0,1779.0,18772.0
965,79873.0,71140.0,107117.0,47547.0,25866.0,53630.0
966,314.0,10697.0,6577.0,54916.0,313.0,25476.0
967,34211.0,27533.0,58298.0,59916.0,16865.0,39159.0
968,41899.0,16769.0,97254.0,116786.0,36089.0,68649.0
969,33170.0,15850.0,41818.0,20654.0,22015.0,32983.0
970,30627.0,12416.0,66066.0,37481.0,18212.0,18221.0
971,16929.0,7469.0,44242.0,27590.0,9460.0,9460.0
972,3460.0,1420.0,28663.0,25778.0,2040.0,2041.0
973,12205.0,2861.0,18763.0,6558.0,9344.0,9344.0
974,19065.0,19642.0,50420.0,47861.0,11669.0,30508.0
975,10683.0,5228.0,15889.0,23680.0,9230.0,27483.0
976,0.0,0.0,0.0,12329.0,0.0,157.0
977,29281.0,8617.0,55225.0,66240.0,22873.0,27487.0
978,12769.0,1012.0,123246.0,138739.0,11757.0,11757.0
979,574.0,1678.0,6361.0,14504.0,489.0,4471.0
980,52430.0,57655.0,83661.0,45183.0,8846.0,17816.0
981,48206.0,25349.0,59843.0,29754.0,34328.0,59804.0
982,56528.0,41814.0,91180.0,43547.0,16424.0,17793.0
983,44352.0,18787.0,72998.0,38607.0,27260.0,31255.0
984,7615.0,7269.0,18102.0,75825.0,6816.0,62753.0
985,2523.0,0.0,22850.0,20327.0,2523.0,2523.0
986,0.0,2086.0,6228.0,76293.0,0.0,9994.0
987,0.0,9140.0,0.0,28379.0,0.0,51347.0
988,0.0,9752.0,11839.0,164048.0,0.0,15211.0
989,15709.0,9160.0,66706.0,51299.0,6549.0,6549.0
990,10024.0,3889.0,88884.0,117597.0,9727.0,36920.0
991,102.0,1704.0,2841.0,6521.0,102.0,9477.0
992,0.0,0.0,1172.0,25783.0,0.0,0.0
993,10746.0,11551.0,31238.0,103325.0,7082.0,27934.0
994,0.0,6743.0,5.0,123991.0,0.0,51979.0
995,43229.0,15686.0,116530.0,73301.0,27543.0,27543.0
996,0.0,384.0,104.0,36268.0,0.0,1662.0
997,0.0,13501.0,0.0,17544.0,0.0,24491.0
998,165.0,11722.0,1549.0,50571.0,161.0,20416.0
999,0.0,19827.0,1465.0,94456.0,0.0,24947.0
